Time(s),Voltage(V),Current(A),OpticalSignal
0.000000,-0.010223,-0.011520,
0.010000,-0.010071,-0.011238,
0.020000,-0.009918,-0.010924,
0.030000,-0.009613,-0.010568,
0.040000,-0.009308,-0.010260,
0.050000,-0.009003,-0.009885,
0.060000,-0.008698,-0.009601,
0.070000,-0.008392,-0.009227,
0.080000,-0.008087,-0.008862,
0.090000,-0.007782,-0.008545,
0.100000,-0.007477,-0.008235,
0.110000,-0.007172,-0.007904,
0.120000,-0.006866,-0.007545,
0.130000,-0.006561,-0.007184,
0.140000,-0.006256,-0.006856,
0.150000,-0.005951,-0.006543,
0.160000,-0.005646,-0.006210,
0.170000,-0.005341,-0.005884,
0.180000,-0.005035,-0.005525,
0.190000,-0.004730,-0.005231,
0.200000,-0.004425,-0.004820,
0.210000,-0.004120,-0.004497,
0.220000,-0.003815,-0.004199,
0.230000,-0.003510,-0.003844,
0.240000,-0.003204,-0.003529,
0.250000,-0.002899,-0.003123,
0.260000,-0.002747,-0.003029,
0.270000,-0.002441,-0.002652,
0.280000,-0.002136,-0.002356,
0.290000,-0.001831,-0.002000,
0.300000,-0.001526,-0.001653,
0.310000,-0.001221,-0.001305,
0.320000,-0.000916,-0.000981,
0.330000,-0.000610,-0.000655,
0.340000,-0.000305,-0.000290,
0.350000,0.000000,0.000034,
0.360000,0.000305,0.000339,
0.370000,0.000610,0.000717,
0.380000,0.000916,0.001012,
0.390000,0.001068,0.001321,
0.400000,0.001526,0.001700,
0.410000,0.001831,0.002049,
0.420000,0.002136,0.002390,
0.430000,0.002441,0.002716,
0.440000,0.002747,0.003020,
0.450000,0.003052,0.003410,
0.460000,0.003357,0.003720,
0.470000,0.003662,0.004056,
0.480000,0.003967,0.004369,
0.490000,0.004272,0.004739,
0.500000,0.004578,0.005124,
0.510000,0.004730,0.005261,
0.520000,0.004883,0.005519,
0.530000,0.005341,0.005956,
0.540000,0.005646,0.006288,
0.550000,0.005951,0.006570,
0.560000,0.006256,0.006915,
0.570000,0.006561,0.007259,
0.580000,0.006866,0.007545,
0.590000,0.007019,0.007910,
0.600000,0.007477,0.008260,
0.610000,0.007629,0.008568,
0.620000,0.008087,0.008905,
0.630000,0.008240,0.009261,
0.640000,0.008545,0.009566,
0.650000,0.009003,0.009950,
0.660000,0.009155,0.010246,
0.670000,0.009460,0.010629,
0.680000,0.009766,0.010901,
0.690000,0.010223,0.011273,
0.700000,0.010376,0.011606,
0.710000,0.010681,0.011917,
0.720000,0.010986,0.012241,
0.730000,0.011444,0.012640,
0.740000,0.011749,0.012968,
0.750000,0.011902,0.013306,
0.760000,0.012054,0.013443,
0.770000,0.012360,0.013795,
0.780000,0.012665,0.014117,
0.790000,0.012970,0.014444,
0.800000,0.013275,0.014792,
0.810000,0.013580,0.015132,
0.820000,0.013885,0.015424,
0.830000,0.014191,0.015808,
0.840000,0.014648,0.016150,
0.850000,0.014801,0.016481,
0.860000,0.015259,0.016837,
0.870000,0.015411,0.017169,
0.880000,0.015717,0.017453,
0.890000,0.016174,0.017844,
0.900000,0.016479,0.018158,
0.910000,0.016632,0.018491,
0.920000,0.017090,0.018842,
0.930000,0.017242,0.019167,
0.940000,0.017548,0.019499,
0.950000,0.017853,0.019839,
0.960000,0.018158,0.020160,
0.970000,0.018463,0.020494,
0.980000,0.018768,0.020883,
0.990000,0.019073,0.021191,
1.000000,0.019379,0.021573,
1.010000,0.019531,0.021687,
1.020000,0.019836,0.022058,
1.030000,0.020142,0.022327,
1.040000,0.020447,0.022717,
1.050000,0.020752,0.023062,
1.060000,0.021057,0.023347,
1.070000,0.021362,0.023708,
1.080000,0.021667,0.024043,
1.090000,0.021973,0.024364,
1.100000,0.022278,0.024710,
1.110000,0.022583,0.025081,
1.120000,0.022888,0.025415,
1.130000,0.023193,0.025743,
1.140000,0.023499,0.026065,
1.150000,0.023804,0.026408,
1.160000,0.024109,0.026741,
1.170000,0.024414,0.027046,
1.180000,0.024719,0.027394,
1.190000,0.025024,0.027762,
1.200000,0.025330,0.028075,
1.210000,0.025635,0.028395,
1.220000,0.025940,0.028770,
1.230000,0.026245,0.029082,
1.240000,0.026550,0.029427,
1.250000,0.026855,0.029811,
1.260000,0.027008,0.029953,
1.270000,0.027313,0.030266,
1.280000,0.027618,0.030577,
1.290000,0.027924,0.030949,
1.300000,0.028229,0.031265,
1.310000,0.028534,0.031624,
1.320000,0.028687,0.031894,
1.330000,0.029144,0.032272,
1.340000,0.029449,0.032617,
1.350000,0.029755,0.032982,
1.360000,0.029907,0.033275,
1.370000,0.030365,0.033607,
1.380000,0.030670,0.033907,
1.390000,0.030975,0.034311,
1.400000,0.031281,0.034602,
1.410000,0.031586,0.035005,
1.420000,0.031891,0.035316,
1.430000,0.032043,0.035657,
1.440000,0.032501,0.035945,
1.450000,0.032806,0.036298,
1.460000,0.032959,0.036613,
1.470000,0.033417,0.036978,
1.480000,0.033722,0.037309,
1.490000,0.033875,0.037627,
1.500000,0.034332,0.038057,
1.510000,0.034485,0.038165,
1.520000,0.034790,0.038501,
1.530000,0.035095,0.038829,
1.540000,0.035400,0.039156,
1.550000,0.035858,0.039665,
1.560000,0.036163,0.039996,
1.570000,0.036469,0.040372,
1.580000,0.036774,0.040683,
1.590000,0.037079,0.041003,
1.600000,0.037384,0.041141,
1.610000,0.037689,0.041135,
1.620000,0.037994,0.041132,
1.630000,0.038147,0.041125,
1.640000,0.038605,0.041121,
1.650000,0.038757,0.041115,
1.660000,0.039063,0.041112,
1.670000,0.039368,0.041106,
1.680000,0.039673,0.041101,
1.690000,0.039978,0.041096,
1.700000,0.040283,0.041092,
1.710000,0.040588,0.041087,
1.720000,0.040894,0.041083,
1.730000,0.041199,0.041077,
1.740000,0.041504,0.041072,
1.750000,0.041962,0.041066,
1.760000,0.041962,0.041066,
1.770000,0.042267,0.041060,
1.780000,0.042572,0.041055,
1.790000,0.042877,0.041051,
1.800000,0.043182,0.041046,
1.810000,0.043488,0.041042,
1.820000,0.043793,0.041037,
1.830000,0.044098,0.041032,
1.840000,0.044403,0.041028,
1.850000,0.044861,0.041028,
1.860000,0.045013,0.041028,
1.870000,0.045319,0.041028,
1.880000,0.045624,0.041028,
1.890000,0.045929,0.041028,
1.900000,0.046234,0.041028,
1.910000,0.046539,0.041028,
1.920000,0.046844,0.041028,
1.930000,0.047150,0.041028,
1.940000,0.047455,0.041029,
1.950000,0.047760,0.041029,
1.960000,0.048065,0.041028,
1.970000,0.048370,0.041029,
1.980000,0.048676,0.041029,
1.990000,0.048981,0.041029,
2.000000,0.049438,0.041029,
2.010000,0.049438,0.041029,
2.020000,0.049744,0.041029,
2.030000,0.050049,0.041029,
2.040000,0.050354,0.041029,
2.050000,0.050659,0.041029,
2.060000,0.050964,0.041031,
2.070000,0.051270,0.041031,
2.080000,0.051575,0.041031,
2.090000,0.051880,0.041031,
2.100000,0.052185,0.041031,
2.110000,0.052490,0.041031,
2.120000,0.052795,0.041031,
2.130000,0.053101,0.041031,
2.140000,0.053406,0.041031,
2.150000,0.053711,0.041031,
2.160000,0.054016,0.041031,
2.170000,0.054321,0.041031,
2.180000,0.054626,0.041031,
2.190000,0.054932,0.041031,
2.200000,0.055237,0.041031,
2.210000,0.055542,0.041031,
2.220000,0.055847,0.041031,
2.230000,0.056152,0.041031,
2.240000,0.056458,0.041032,
2.250000,0.056763,0.041031,
2.260000,0.056915,0.041032,
2.270000,0.057220,0.041031,
2.280000,0.057526,0.041031,
2.290000,0.057831,0.041032,
2.300000,0.058136,0.041032,
2.310000,0.058441,0.041032,
2.320000,0.058746,0.041032,
2.330000,0.059052,0.041032,
2.340000,0.059357,0.041032,
2.350000,0.059662,0.041031,
2.360000,0.059967,0.041032,
2.370000,0.060272,0.041032,
2.380000,0.060577,0.041032,
2.390000,0.060883,0.041031,
2.400000,0.061188,0.041031,
2.410000,0.061493,0.041031,
2.420000,0.061798,0.041031,
2.430000,0.062103,0.041032,
2.440000,0.062256,0.041031,
2.450000,0.062714,0.041031,
2.460000,0.063019,0.041031,
2.470000,0.063324,0.041031,
2.480000,0.063629,0.041031,
2.490000,0.063934,0.041031,
2.500000,0.064240,0.041031,
2.510000,0.064392,0.041031,
2.520000,0.064545,0.041031,
2.530000,0.064850,0.041031,
2.540000,0.065308,0.041031,
2.550000,0.065613,0.041031,
2.560000,0.065918,0.041031,
2.570000,0.066223,0.041031,
2.580000,0.066376,0.041031,
2.590000,0.066833,0.041031,
2.600000,0.066986,0.041031,
2.610000,0.067291,0.041031,
2.620000,0.067596,0.041031,
2.630000,0.068054,0.041031,
2.640000,0.068359,0.041031,
2.650000,0.068665,0.041031,
2.660000,0.068970,0.041031,
2.670000,0.069122,0.041031,
2.680000,0.069580,0.041031,
2.690000,0.069733,0.041031,
2.700000,0.070190,0.041031,
2.710000,0.070496,0.041031,
2.720000,0.070648,0.041031,
2.730000,0.070953,0.041031,
2.740000,0.071259,0.041031,
2.750000,0.071716,0.041031,
2.760000,0.071716,0.041031,
2.770000,0.072021,0.041031,
2.780000,0.072327,0.041031,
2.790000,0.072784,0.041031,
2.800000,0.072937,0.041031,
2.810000,0.073242,0.041031,
2.820000,0.073547,0.041031,
2.830000,0.074005,0.041031,
2.840000,0.074310,0.041031,
2.850000,0.074615,0.041031,
2.860000,0.074921,0.041031,
2.870000,0.075226,0.041031,
2.880000,0.075531,0.041031,
2.890000,0.075836,0.041031,
2.900000,0.075989,0.041031,
2.910000,0.076294,0.041031,
2.920000,0.076599,0.041032,
2.930000,0.076904,0.041031,
2.940000,0.077209,0.041031,
2.950000,0.077515,0.041031,
2.960000,0.077820,0.041031,
2.970000,0.078278,0.041031,
2.980000,0.078583,0.041031,
2.990000,0.078888,0.041031,
3.000000,0.079193,0.041031,
3.010000,0.079193,0.041031,
3.020000,0.079498,0.041031,
3.030000,0.079803,0.041031,
3.040000,0.080109,0.041032,
3.050000,0.080414,0.041031,
3.060000,0.080719,0.041031,
3.070000,0.081024,0.041031,
3.080000,0.081329,0.041031,
3.090000,0.081787,0.041032,
3.100000,0.082092,0.041031,
3.110000,0.082397,0.041031,
3.120000,0.082703,0.041031,
3.130000,0.083008,0.041031,
3.140000,0.083313,0.041031,
3.150000,0.083618,0.041031,
3.160000,0.083923,0.041031,
3.170000,0.084229,0.041031,
3.180000,0.084534,0.041031,
3.190000,0.084839,0.041031,
3.200000,0.085144,0.041032,
3.210000,0.085449,0.041031,
3.220000,0.085754,0.041031,
3.230000,0.086060,0.041031,
3.240000,0.086365,0.041031,
3.250000,0.086670,0.041031,
3.260000,0.086823,0.041031,
3.270000,0.087128,0.041031,
3.280000,0.087433,0.041031,
3.290000,0.087738,0.041031,
3.300000,0.088043,0.041031,
3.310000,0.088348,0.041031,
3.320000,0.088654,0.041031,
3.330000,0.088959,0.041031,
3.340000,0.089264,0.041031,
3.350000,0.089569,0.041031,
3.360000,0.089874,0.041031,
3.370000,0.090179,0.041031,
3.380000,0.090485,0.041032,
3.390000,0.090790,0.041031,
3.400000,0.091095,0.041031,
3.410000,0.091400,0.041031,
3.420000,0.091705,0.041031,
3.430000,0.092010,0.041031,
3.440000,0.092316,0.041031,
3.450000,0.092621,0.041031,
3.460000,0.092926,0.041031,
3.470000,0.093231,0.041031,
3.480000,0.093536,0.041031,
3.490000,0.093842,0.041031,
3.500000,0.094147,0.041031,
3.510000,0.094299,0.041031,
3.520000,0.094604,0.041031,
3.530000,0.094910,0.041031,
3.540000,0.095215,0.041031,
3.550000,0.095520,0.041031,
3.560000,0.095825,0.041031,
3.570000,0.096130,0.041031,
3.580000,0.096436,0.041031,
3.590000,0.096741,0.041031,
3.600000,0.096893,0.041031,
3.610000,0.097198,0.041031,
3.620000,0.097504,0.041031,
3.630000,0.097809,0.041031,
3.640000,0.098114,0.041031,
3.650000,0.098419,0.041031,
3.660000,0.098724,0.041031,
3.670000,0.099182,0.041031,
3.680000,0.099487,0.041031,
3.690000,0.099792,0.041031,
3.700000,0.100098,0.041031,
3.710000,0.100403,0.041031,
3.720000,0.100708,0.041031,
3.730000,0.100861,0.041031,
3.740000,0.101318,0.041031,
3.750000,0.101624,0.041031,
3.760000,0.101776,0.041031,
3.770000,0.101929,0.041031,
3.780000,0.102234,0.041031,
3.790000,0.102692,0.041031,
3.800000,0.102997,0.041031,
3.810000,0.103302,0.041031,
3.820000,0.103455,0.041031,
3.830000,0.103760,0.041031,
3.840000,0.104065,0.041031,
3.850000,0.104370,0.041031,
3.860000,0.104675,0.041031,
3.870000,0.104980,0.041031,
3.880000,0.105286,0.041031,
3.890000,0.105591,0.041031,
3.900000,0.105896,0.041031,
3.910000,0.106201,0.041031,
3.920000,0.106506,0.041031,
3.930000,0.106812,0.041031,
3.940000,0.107117,0.041031,
3.950000,0.107422,0.041031,
3.960000,0.107727,0.041031,
3.970000,0.108032,0.041031,
3.980000,0.108337,0.041031,
3.990000,0.108643,0.041031,
4.000000,0.108948,0.041031,
4.010000,0.109100,0.041031,
4.020000,0.109406,0.041031,
4.030000,0.109711,0.041031,
4.040000,0.110016,0.041031,
4.050000,0.110321,0.041031,
4.060000,0.110626,0.041031,
4.070000,0.111084,0.041031,
4.080000,0.111237,0.041031,
4.090000,0.111542,0.041031,
4.100000,0.111847,0.041031,
4.110000,0.112152,0.041031,
4.120000,0.112457,0.041031,
4.130000,0.112762,0.041031,
4.140000,0.113068,0.041031,
4.150000,0.113373,0.041031,
4.160000,0.113678,0.041031,
4.170000,0.113983,0.041031,
4.180000,0.114288,0.041031,
4.190000,0.114594,0.041031,
4.200000,0.114899,0.041031,
4.210000,0.115204,0.041031,
4.220000,0.115509,0.041031,
4.230000,0.115814,0.041031,
4.240000,0.116119,0.041031,
4.250000,0.116425,0.041031,
4.260000,0.116577,0.041031,
4.270000,0.116882,0.041031,
4.280000,0.117188,0.041031,
4.290000,0.117493,0.041031,
4.300000,0.117798,0.041031,
4.310000,0.118103,0.041031,
4.320000,0.118408,0.041031,
4.330000,0.118713,0.041031,
4.340000,0.119019,0.041031,
4.350000,0.119324,0.041031,
4.360000,0.119629,0.041031,
4.370000,0.119934,0.041031,
4.380000,0.120239,0.041031,
4.390000,0.120544,0.041031,
4.400000,0.120850,0.041031,
4.410000,0.121155,0.041031,
4.420000,0.121460,0.041031,
4.430000,0.121765,0.041031,
4.440000,0.122070,0.041031,
4.450000,0.122375,0.041031,
4.460000,0.122681,0.041031,
4.470000,0.122986,0.041031,
4.480000,0.123291,0.041031,
4.490000,0.123596,0.041031,
4.500000,0.123901,0.041031,
4.510000,0.124054,0.041031,
4.520000,0.124359,0.041031,
4.530000,0.124664,0.041031,
4.540000,0.124969,0.041031,
4.550000,0.125275,0.041031,
4.560000,0.125580,0.041031,
4.570000,0.125885,0.041031,
4.580000,0.126190,0.041031,
4.590000,0.126495,0.041031,
4.600000,0.126648,0.041031,
4.610000,0.127106,0.041031,
4.620000,0.127258,0.041031,
4.630000,0.127716,0.041031,
4.640000,0.128174,0.041031,
4.650000,0.128479,0.041031,
4.660000,0.128784,0.041031,
4.670000,0.129089,0.041031,
4.680000,0.129395,0.041031,
4.690000,0.129700,0.041031,
4.700000,0.130005,0.041031,
4.710000,0.130157,0.041031,
4.720000,0.130615,0.041031,
4.730000,0.130920,0.041031,
4.740000,0.131226,0.041031,
4.750000,0.131531,0.041031,
4.760000,0.131683,0.041031,
4.770000,0.131989,0.041031,
4.780000,0.132294,0.041031,
4.790000,0.132599,0.041031,
4.800000,0.132904,0.041032,
4.810000,0.133057,0.041031,
4.820000,0.133514,0.041031,
4.830000,0.133820,0.041031,
4.840000,0.133972,0.041031,
4.850000,0.134430,0.041031,
4.860000,0.134583,0.041031,
4.870000,0.134888,0.041031,
4.880000,0.135193,0.041031,
4.890000,0.135651,0.041031,
4.900000,0.135956,0.041031,
4.910000,0.136261,0.041031,
4.920000,0.136566,0.041031,
4.930000,0.136719,0.041031,
4.940000,0.137024,0.041031,
4.950000,0.137329,0.041031,
4.960000,0.137634,0.041031,
4.970000,0.138092,0.041031,
4.980000,0.138245,0.041031,
4.990000,0.138550,0.041031,
5.000000,0.138855,0.041031,
5.010000,0.139008,0.041031,
5.020000,0.139313,0.041031,
5.030000,0.139771,0.041031,
5.040000,0.139923,0.041031,
5.050000,0.140228,0.041031,
5.060000,0.140686,0.041031,
5.070000,0.140839,0.041031,
5.080000,0.141144,0.041031,
5.090000,0.141449,0.041031,
5.100000,0.141754,0.041031,
5.110000,0.142059,0.041031,
5.120000,0.142517,0.041032,
5.130000,0.142670,0.041032,
5.140000,0.142975,0.041031,
5.150000,0.143280,0.041032,
5.160000,0.143738,0.041031,
5.170000,0.143890,0.041032,
5.180000,0.144196,0.041032,
5.190000,0.144501,0.041031,
5.200000,0.144806,0.041031,
5.210000,0.145111,0.041031,
5.220000,0.145416,0.041031,
5.230000,0.145721,0.041031,
5.240000,0.146027,0.041031,
5.250000,0.146332,0.041031,
5.260000,0.146484,0.041031,
5.270000,0.146790,0.041031,
5.280000,0.147095,0.041031,
5.290000,0.147400,0.041031,
5.300000,0.147858,0.041031,
5.310000,0.148010,0.041031,
5.320000,0.148315,0.041031,
5.330000,0.148621,0.041031,
5.340000,0.148926,0.041031,
5.350000,0.149384,0.041031,
5.360000,0.149536,0.041031,
5.370000,0.149841,0.041031,
5.380000,0.150146,0.041031,
5.390000,0.150452,0.041031,
5.400000,0.150757,0.041031,
5.410000,0.151062,0.041031,
5.420000,0.151367,0.041031,
5.430000,0.151672,0.041031,
5.440000,0.151978,0.041031,
5.450000,0.152283,0.041031,
5.460000,0.152588,0.041031,
5.470000,0.152893,0.041031,
5.480000,0.153198,0.041031,
5.490000,0.153503,0.041031,
5.500000,0.153809,0.041031,
5.510000,0.153961,0.041031,
5.520000,0.154266,0.041031,
5.530000,0.154572,0.041031,
5.540000,0.154877,0.041031,
5.550000,0.155182,0.041031,
5.560000,0.155487,0.041031,
5.570000,0.155792,0.041031,
5.580000,0.156097,0.041031,
5.590000,0.156403,0.041031,
5.600000,0.156708,0.041031,
5.610000,0.157013,0.041031,
5.620000,0.157318,0.041031,
5.630000,0.157623,0.041031,
5.640000,0.157928,0.041031,
5.650000,0.158234,0.041031,
5.660000,0.158539,0.041031,
5.670000,0.158844,0.041029,
5.680000,0.159149,0.041031,
5.690000,0.159454,0.041031,
5.700000,0.159760,0.041029,
5.710000,0.160065,0.041029,
5.720000,0.160370,0.041029,
5.730000,0.160675,0.041029,
5.740000,0.160980,0.041029,
5.750000,0.161285,0.041029,
5.760000,0.161438,0.041029,
5.770000,0.161743,0.041029,
5.780000,0.162048,0.041029,
5.790000,0.162354,0.041029,
5.800000,0.162659,0.041029,
5.810000,0.162964,0.041028,
5.820000,0.163269,0.041028,
5.830000,0.163574,0.041028,
5.840000,0.163879,0.041028,
5.850000,0.164185,0.041028,
5.860000,0.164490,0.041028,
5.870000,0.164795,0.041028,
5.880000,0.165100,0.041028,
5.890000,0.165405,0.041028,
5.900000,0.165710,0.041028,
5.910000,0.166016,0.041028,
5.920000,0.166321,0.041028,
5.930000,0.166626,0.041026,
5.940000,0.166931,0.041026,
5.950000,0.167236,0.041026,
5.960000,0.167542,0.041026,
5.970000,0.167694,0.041026,
5.980000,0.168152,0.041026,
5.990000,0.168457,0.041026,
6.000000,0.168762,0.041026,
6.010000,0.168915,0.041026,
6.020000,0.169220,0.041026,
6.030000,0.169525,0.041026,
6.040000,0.169830,0.041026,
6.050000,0.170135,0.041026,
6.060000,0.170441,0.041028,
6.070000,0.170746,0.041026,
6.080000,0.171051,0.041026,
6.090000,0.171356,0.041026,
6.100000,0.171509,0.041026,
6.110000,0.171814,0.041026,
6.120000,0.172272,0.041028,
6.130000,0.172577,0.041028,
6.140000,0.172729,0.041028,
6.150000,0.173187,0.041028,
6.160000,0.173492,0.041028,
6.170000,0.173645,0.041028,
6.180000,0.174103,0.041028,
6.190000,0.174408,0.041028,
6.200000,0.174713,0.041028,
6.210000,0.175018,0.041028,
6.220000,0.175323,0.041028,
6.230000,0.175629,0.041028,
6.240000,0.175934,0.041028,
6.250000,0.176392,0.041028,
6.260000,0.176392,0.041028,
6.270000,0.176697,0.041028,
6.280000,0.177155,0.041028,
6.290000,0.177307,0.041029,
6.300000,0.177765,0.041029,
6.310000,0.177917,0.041029,
6.320000,0.178223,0.041029,
6.330000,0.178680,0.041029,
6.340000,0.178986,0.041029,
6.350000,0.179138,0.041029,
6.360000,0.179596,0.041029,
6.370000,0.179749,0.041029,
6.380000,0.180054,0.041029,
6.390000,0.180359,0.041031,
6.400000,0.180817,0.041029,
6.410000,0.181122,0.041031,
6.420000,0.181274,0.041031,
6.430000,0.181732,0.041031,
6.440000,0.181885,0.041031,
6.450000,0.182190,0.041031,
6.460000,0.182495,0.041031,
6.470000,0.182800,0.041031,
6.480000,0.183105,0.041031,
6.490000,0.183411,0.041031,
6.500000,0.183868,0.041031,
6.510000,0.183868,0.041031,
6.520000,0.184174,0.041031,
6.530000,0.184479,0.041031,
6.540000,0.184784,0.041031,
6.550000,0.185089,0.041031,
6.560000,0.185394,0.041031,
6.570000,0.185699,0.041032,
6.580000,0.186005,0.041032,
6.590000,0.186310,0.041032,
6.600000,0.186615,0.041032,
6.610000,0.186920,0.041031,
6.620000,0.187225,0.041031,
6.630000,0.187531,0.041031,
6.640000,0.187836,0.041032,
6.650000,0.188141,0.041031,
6.660000,0.188446,0.041031,
6.670000,0.188751,0.041031,
6.680000,0.189056,0.041031,
6.690000,0.189362,0.041031,
6.700000,0.189667,0.041032,
6.710000,0.189972,0.041032,
6.720000,0.190277,0.041031,
6.730000,0.190582,0.041031,
6.740000,0.190887,0.041032,
6.750000,0.191193,0.041031,
6.760000,0.191345,0.041031,
6.770000,0.191650,0.041032,
6.780000,0.191956,0.041031,
6.790000,0.192261,0.041032,
6.800000,0.192566,0.041031,
6.810000,0.192871,0.041031,
6.820000,0.193176,0.041031,
6.830000,0.193481,0.041031,
6.840000,0.193787,0.041031,
6.850000,0.194092,0.041031,
6.860000,0.194397,0.041031,
6.870000,0.194702,0.041032,
6.880000,0.195007,0.041032,
6.890000,0.195313,0.041031,
6.900000,0.195618,0.041031,
6.910000,0.195923,0.041031,
6.920000,0.196228,0.041031,
6.930000,0.196533,0.041031,
6.940000,0.196838,0.041031,
6.950000,0.197144,0.041031,
6.960000,0.197449,0.041031,
6.970000,0.197754,0.041031,
6.980000,0.198059,0.041031,
6.990000,0.198364,0.041031,
7.000000,0.198669,0.041031,
7.010000,0.198822,0.041031,
7.020000,0.199127,0.041031,
7.030000,0.199432,0.041031,
7.040000,0.199738,0.041031,
7.050000,0.200043,0.041031,
7.060000,0.200348,0.041029,
7.070000,0.200653,0.041029,
7.080000,0.200958,0.041029,
7.090000,0.201263,0.041029,
7.100000,0.201721,0.041029,
7.110000,0.202026,0.041029,
7.120000,0.202332,0.041029,
7.130000,0.202637,0.041029,
7.140000,0.203094,0.041029,
7.150000,0.203247,0.041029,
7.160000,0.203552,0.041029,
7.170000,0.203857,0.041029,
7.180000,0.204163,0.041029,
7.190000,0.204468,0.041029,
7.200000,0.204773,0.041029,
7.210000,0.205078,0.041029,
7.220000,0.205383,0.041029,
7.230000,0.205688,0.041029,
7.240000,0.205994,0.041029,
7.250000,0.206299,0.041029,
7.260000,0.206451,0.041029,
7.270000,0.206757,0.041029,
7.280000,0.207062,0.041029,
7.290000,0.207367,0.041031,
7.300000,0.207672,0.041029,
7.310000,0.207977,0.041031,
7.320000,0.208282,0.041031,
7.330000,0.208588,0.041029,
7.340000,0.208893,0.041031,
7.350000,0.209198,0.041031,
7.360000,0.209503,0.041031,
7.370000,0.209808,0.041031,
7.380000,0.210114,0.041031,
7.390000,0.210419,0.041031,
7.400000,0.210724,0.041031,
7.410000,0.211029,0.041031,
7.420000,0.211334,0.041031,
7.430000,0.211639,0.041031,
7.440000,0.211945,0.041031,
7.450000,0.212250,0.041031,
7.460000,0.212555,0.041031,
7.470000,0.212860,0.041031,
7.480000,0.213165,0.041031,
7.490000,0.213470,0.041031,
7.500000,0.213776,0.041032,
7.510000,0.213928,0.041032,
7.520000,0.214233,0.041031,
7.530000,0.214386,0.041031,
7.540000,0.214844,0.041031,
7.550000,0.215149,0.041032,
7.560000,0.215454,0.041031,
7.570000,0.215759,0.041031,
7.580000,0.216064,0.041031,
7.590000,0.216370,0.041031,
7.600000,0.216675,0.041031,
7.610000,0.216827,0.041032,
7.620000,0.217285,0.041032,
7.630000,0.217590,0.041032,
7.640000,0.217896,0.041031,
7.650000,0.218201,0.041032,
7.660000,0.218506,0.041031,
7.670000,0.218811,0.041031,
7.680000,0.218964,0.041031,
7.690000,0.219421,0.041031,
7.700000,0.219727,0.041031,
7.710000,0.220032,0.041032,
7.720000,0.220337,0.041032,
7.730000,0.220642,0.041032,
7.740000,0.221100,0.041031,
7.750000,0.221405,0.041032,
7.760000,0.221558,0.041031,
7.770000,0.221863,0.041032,
7.780000,0.222168,0.041031,
7.790000,0.222321,0.041032,
7.800000,0.222778,0.041031,
7.810000,0.222931,0.041031,
7.820000,0.223389,0.041031,
7.830000,0.223694,0.041031,
7.840000,0.223999,0.041031,
7.850000,0.224152,0.041031,
7.860000,0.224609,0.041031,
7.870000,0.224915,0.041031,
7.880000,0.225220,0.041031,
7.890000,0.225372,0.041031,
7.900000,0.225677,0.041031,
7.910000,0.225983,0.041031,
7.920000,0.226440,0.041031,
7.930000,0.226746,0.041029,
7.940000,0.227051,0.041031,
7.950000,0.227203,0.041029,
7.960000,0.227661,0.041029,
7.970000,0.227814,0.041029,
7.980000,0.228271,0.041029,
7.990000,0.228424,0.041029,
8.000000,0.228882,0.041029,
8.010000,0.229034,0.041029,
8.020000,0.229187,0.041029,
8.030000,0.229645,0.041029,
8.040000,0.229797,0.041029,
8.050000,0.230103,0.041029,
8.060000,0.230408,0.041029,
8.070000,0.230713,0.041028,
8.080000,0.231018,0.041029,
8.090000,0.231476,0.041029,
8.100000,0.231781,0.041028,
8.110000,0.232086,0.041028,
8.120000,0.232391,0.041028,
8.130000,0.232544,0.041028,
8.140000,0.232849,0.041028,
8.150000,0.233154,0.041028,
8.160000,0.233459,0.041028,
8.170000,0.233765,0.041028,
8.180000,0.234070,0.041028,
8.190000,0.234375,0.041028,
8.200000,0.234680,0.041028,
8.210000,0.234985,0.041028,
8.220000,0.235291,0.041029,
8.230000,0.235596,0.041029,
8.240000,0.235901,0.041028,
8.250000,0.236206,0.041029,
8.260000,0.236359,0.041029,
8.270000,0.236664,0.041029,
8.280000,0.236969,0.041029,
8.290000,0.237427,0.041029,
8.300000,0.237579,0.041029,
8.310000,0.237885,0.041029,
8.320000,0.238190,0.041029,
8.330000,0.238495,0.041029,
8.340000,0.238800,0.041029,
8.350000,0.239105,0.041031,
8.360000,0.239410,0.041031,
8.370000,0.239716,0.041031,
8.380000,0.240021,0.041031,
8.390000,0.240326,0.041031,
8.400000,0.240631,0.041031,
8.410000,0.240936,0.041031,
8.420000,0.241241,0.041031,
8.430000,0.241547,0.041031,
8.440000,0.241852,0.041031,
8.450000,0.242157,0.041031,
8.460000,0.242462,0.041031,
8.470000,0.242767,0.041031,
8.480000,0.243073,0.041031,
8.490000,0.243378,0.041032,
8.500000,0.243683,0.041031,
8.510000,0.243835,0.041031,
8.520000,0.244141,0.041032,
8.530000,0.244446,0.041031,
8.540000,0.244751,0.041031,
8.550000,0.245056,0.041032,
8.560000,0.245361,0.041031,
8.570000,0.245667,0.041032,
8.580000,0.245972,0.041032,
8.590000,0.246277,0.041032,
8.600000,0.246582,0.041032,
8.610000,0.246887,0.041032,
8.620000,0.247192,0.041032,
8.630000,0.247498,0.041032,
8.640000,0.247803,0.041032,
8.650000,0.248108,0.041032,
8.660000,0.248413,0.041032,
8.670000,0.248718,0.041032,
8.680000,0.249023,0.041032,
8.690000,0.249329,0.041032,
8.700000,0.249634,0.041032,
8.710000,0.249939,0.041031,
8.720000,0.250244,0.041032,
8.730000,0.250549,0.041031,
8.740000,0.250854,0.041031,
8.750000,0.251160,0.041031,
8.760000,0.251312,0.041031,
8.770000,0.251617,0.041031,
8.780000,0.251923,0.041031,
8.790000,0.252228,0.041031,
8.800000,0.252533,0.041031,
8.810000,0.252838,0.041031,
8.820000,0.253143,0.041031,
8.830000,0.253448,0.041031,
8.840000,0.253754,0.041031,
8.850000,0.253906,0.041031,
8.860000,0.254211,0.041031,
8.870000,0.254517,0.041031,
8.880000,0.254974,0.041031,
8.890000,0.255280,0.041031,
8.900000,0.255585,0.041031,
8.910000,0.255890,0.041031,
8.920000,0.256042,0.041031,
8.930000,0.256348,0.041031,
8.940000,0.256653,0.041031,
8.950000,0.257111,0.041031,
8.960000,0.257416,0.041031,
8.970000,0.257721,0.041031,
8.980000,0.257874,0.041031,
8.990000,0.258179,0.041031,
9.000000,0.258636,0.041031,
9.010000,0.258789,0.041031,
9.020000,0.259094,0.041031,
9.030000,0.259399,0.041031,
9.040000,0.259705,0.041031,
9.050000,0.259857,0.041031,
9.060000,0.260162,0.041031,
9.070000,0.260620,0.041031,
9.080000,0.260925,0.041031,
9.090000,0.261078,0.041031,
9.100000,0.261383,0.041031,
9.110000,0.261688,0.041031,
9.120000,0.261993,0.041031,
9.130000,0.262451,0.041032,
9.140000,0.262604,0.041031,
9.150000,0.263062,0.041031,
9.160000,0.263214,0.041031,
9.170000,0.263672,0.041031,
9.180000,0.263824,0.041032,
9.190000,0.264130,0.041032,
9.200000,0.264587,0.041032,
9.210000,0.264740,0.041031,
9.220000,0.265045,0.041031,
9.230000,0.265350,0.041031,
9.240000,0.265808,0.041031,
9.250000,0.265961,0.041031,
9.260000,0.266113,0.041032,
9.270000,0.266571,0.041032,
9.280000,0.267029,0.041032,
9.290000,0.267181,0.041031,
9.300000,0.267487,0.041032,
9.310000,0.267792,0.041032,
9.320000,0.268097,0.041032,
9.330000,0.268402,0.041032,
9.340000,0.268707,0.041032,
9.350000,0.269012,0.041032,
9.360000,0.269318,0.041032,
9.370000,0.269623,0.041032,
9.380000,0.269928,0.041032,
9.390000,0.270233,0.041032,
9.400000,0.270538,0.041032,
9.410000,0.270844,0.041032,
9.420000,0.271149,0.041032,
9.430000,0.271454,0.041032,
9.440000,0.271759,0.041032,
9.450000,0.272064,0.041032,
9.460000,0.272369,0.041032,
9.470000,0.272675,0.041032,
9.480000,0.272980,0.041032,
9.490000,0.273285,0.041032,
9.500000,0.273590,0.041032,
9.510000,0.273743,0.041032,
9.520000,0.274048,0.041032,
9.530000,0.274353,0.041032,
9.540000,0.274658,0.041032,
9.550000,0.274963,0.041032,
9.560000,0.275269,0.041032,
9.570000,0.275574,0.041032,
9.580000,0.275879,0.041032,
9.590000,0.276184,0.041032,
9.600000,0.276489,0.041032,
9.610000,0.276794,0.041032,
9.620000,0.277100,0.041032,
9.630000,0.277405,0.041032,
9.640000,0.277710,0.041032,
9.650000,0.278015,0.041032,
9.660000,0.278320,0.041032,
9.670000,0.278625,0.041032,
9.680000,0.278931,0.041032,
9.690000,0.279236,0.041032,
9.700000,0.279541,0.041032,
9.710000,0.279846,0.041032,
9.720000,0.280151,0.041032,
9.730000,0.280457,0.041032,
9.740000,0.280762,0.041032,
9.750000,0.281067,0.041032,
9.760000,0.281219,0.041032,
9.770000,0.281525,0.041032,
9.780000,0.281830,0.041032,
9.790000,0.281982,0.041032,
9.800000,0.282288,0.041032,
9.810000,0.282745,0.041032,
9.820000,0.283051,0.041032,
9.830000,0.283203,0.041032,
9.840000,0.283661,0.041032,
9.850000,0.283966,0.041032,
9.860000,0.284271,0.041032,
9.870000,0.284576,0.041032,
9.880000,0.284882,0.041032,
9.890000,0.285034,0.041032,
9.900000,0.285492,0.041032,
9.910000,0.285645,0.041032,
9.920000,0.285950,0.041032,
9.930000,0.286255,0.041032,
9.940000,0.286713,0.041032,
9.950000,0.286865,0.041032,
9.960000,0.287170,0.041032,
9.970000,0.287476,0.041032,
9.980000,0.287933,0.041032,
9.990000,0.288239,0.041032,
10.000000,0.288544,0.041032,
10.010000,0.288696,0.041032,
10.020000,0.288849,0.041032,
10.030000,0.289154,0.041032,
10.040000,0.289459,0.041032,
10.050000,0.289764,0.041032,
10.060000,0.290222,0.041032,
10.070000,0.290375,0.041032,
10.080000,0.290680,0.041032,
10.090000,0.290985,0.041032,
10.100000,0.291443,0.041032,
10.110000,0.291748,0.041032,
10.120000,0.291901,0.041032,
10.130000,0.292358,0.041032,
10.140000,0.292664,0.041032,
10.150000,0.292969,0.041032,
10.160000,0.293121,0.041032,
10.170000,0.293427,0.041032,
10.180000,0.293884,0.041032,
10.190000,0.294037,0.041032,
10.200000,0.294342,0.041032,
10.210000,0.294647,0.041032,
10.220000,0.294952,0.041032,
10.230000,0.295258,0.041032,
0.000000,,,0.000000
0.010000,,,0.000000
0.020000,,,0.000000
0.030000,,,0.000000
0.040000,,,0.000000
0.050000,,,0.000000
0.060000,,,0.000000
0.070000,,,0.000000
0.080000,,,0.000000
0.090000,,,0.000000
0.100000,,,0.000000
0.110000,,,0.000000
0.120000,,,0.000000
0.130000,,,0.000000
0.140000,,,0.000000
0.150000,,,0.000000
0.160000,,,0.000000
0.170000,,,0.000000
0.180000,,,0.000000
0.190000,,,0.000000
0.200000,,,0.000000
0.210000,,,0.000000
0.220000,,,0.000000
0.230000,,,0.000000
0.240000,,,0.000000
0.250000,,,0.000000
0.260000,,,0.000000
0.270000,,,0.000000
0.280000,,,0.000000
0.290000,,,0.000000
0.300000,,,0.000000
0.310000,,,0.000000
0.320000,,,0.000000
0.330000,,,0.000000
0.340000,,,0.000000
0.350000,,,0.000000
0.360000,,,0.000000
0.370000,,,0.000000
0.380000,,,0.000000
0.390000,,,0.000000
0.400000,,,0.000000
0.410000,,,0.000000
0.420000,,,0.000000
0.430000,,,0.000000
0.440000,,,0.000000
0.450000,,,0.000000
0.460000,,,0.000000
0.470000,,,0.000000
0.480000,,,0.000000
0.490000,,,0.000000
0.500000,,,0.000000
0.510000,,,0.000000
0.520000,,,0.000000
0.530000,,,0.000000
0.540000,,,0.000000
0.550000,,,0.000000
0.560000,,,0.000000
0.570000,,,0.000000
0.580000,,,0.000000
0.590000,,,0.000000
0.600000,,,0.000000
0.610000,,,0.000000
0.620000,,,0.000000
0.630000,,,0.000000
0.640000,,,0.000000
0.650000,,,0.000000
0.660000,,,0.000000
0.670000,,,0.000000
0.680000,,,0.000000
0.690000,,,0.000000
0.700000,,,0.000000
0.710000,,,0.000000
0.720000,,,0.000000
0.730000,,,0.000000
0.740000,,,0.000000
0.750000,,,0.000000
0.760000,,,0.000000
0.770000,,,0.000000
0.780000,,,0.000000
0.790000,,,0.000000
0.800000,,,0.000000
0.810000,,,0.000000
0.820000,,,0.000000
0.830000,,,0.000000
0.840000,,,0.000000
0.850000,,,0.000000
0.860000,,,0.000000
0.870000,,,0.000000
0.880000,,,0.000000
0.890000,,,0.000000
0.900000,,,0.000000
0.910000,,,0.000000
0.920000,,,0.000000
0.930000,,,0.000000
0.940000,,,0.000000
0.950000,,,0.000000
0.960000,,,0.000000
0.970000,,,0.000000
0.980000,,,0.000000
0.990000,,,0.000000
1.000000,,,0.000000
1.010000,,,0.000000
1.020000,,,0.000000
1.030000,,,0.000000
1.040000,,,0.000000
1.050000,,,0.000000
1.060000,,,0.000000
1.070000,,,0.000000
1.080000,,,0.000000
1.090000,,,0.000000
1.100000,,,0.000000
1.110000,,,0.000000
1.120000,,,0.000000
1.130000,,,0.000000
1.140000,,,0.000000
1.150000,,,0.000000
1.160000,,,0.000000
1.170000,,,0.000000
1.180000,,,0.000000
1.190000,,,0.000000
1.200000,,,0.000000
1.210000,,,0.000000
1.220000,,,0.000000
1.230000,,,0.000000
1.240000,,,0.000000
1.250000,,,0.000000
1.260000,,,0.000000
1.270000,,,0.000000
1.280000,,,0.000000
1.290000,,,0.000000
1.300000,,,0.000000
1.310000,,,0.000000
1.320000,,,0.000000
1.330000,,,0.000000
1.340000,,,0.000000
1.350000,,,0.000000
1.360000,,,0.000000
1.370000,,,0.000000
1.380000,,,0.000000
1.390000,,,0.000000
1.400000,,,0.000000
1.410000,,,0.000000
1.420000,,,0.000000
1.430000,,,0.000000
1.440000,,,0.000000
1.450000,,,0.000000
1.460000,,,0.000000
1.470000,,,0.000000
1.480000,,,0.000000
1.490000,,,0.000000
1.500000,,,0.000000
1.510000,,,0.000000
1.520000,,,0.000000
1.530000,,,0.000000
1.540000,,,0.000000
1.550000,,,0.000000
1.560000,,,0.000000
1.570000,,,0.000000
1.580000,,,0.000000
1.590000,,,0.000000
1.600000,,,0.000000
1.610000,,,0.000000
1.620000,,,0.000000
1.630000,,,0.000000
1.640000,,,0.000000
1.650000,,,0.000000
1.660000,,,0.000000
1.670000,,,0.000000
1.680000,,,0.000000
1.690000,,,0.000000
1.700000,,,0.000000
1.710000,,,0.000000
1.720000,,,0.000000
1.730000,,,0.000000
1.740000,,,0.000000
1.750000,,,0.000000
1.760000,,,0.000000
1.770000,,,0.000000
1.780000,,,0.000000
1.790000,,,0.000000
1.800000,,,0.000000
1.810000,,,0.000000
1.820000,,,0.000000
1.830000,,,0.000000
1.840000,,,0.000000
1.850000,,,0.000000
1.860000,,,0.000000
1.870000,,,0.000000
1.880000,,,0.000000
1.890000,,,0.000000
1.900000,,,0.000000
1.910000,,,0.000000
1.920000,,,0.000000
1.930000,,,0.000000
1.940000,,,0.000000
1.950000,,,0.000000
1.960000,,,0.000000
1.970000,,,0.000000
1.980000,,,0.000000
1.990000,,,0.000000
2.000000,,,0.000000
2.010000,,,0.000000
2.020000,,,0.000000
2.030000,,,0.000000
2.040000,,,0.000000
2.050000,,,0.000000
2.060000,,,0.000000
2.070000,,,0.000000
2.080000,,,0.000000
2.090000,,,0.000000
2.100000,,,0.000000
2.110000,,,0.000000
2.120000,,,0.000000
2.130000,,,0.000000
2.140000,,,0.000000
2.150000,,,0.000000
2.160000,,,0.000000
2.170000,,,0.000000
2.180000,,,0.000000
2.190000,,,0.000000
2.200000,,,0.000000
2.210000,,,0.000000
2.220000,,,0.000000
2.230000,,,0.000000
2.240000,,,0.000000
2.250000,,,0.000000
2.260000,,,0.000000
2.270000,,,0.000000
2.280000,,,0.000000
2.290000,,,0.000000
2.300000,,,0.000000
2.310000,,,0.000000
2.320000,,,0.000000
2.330000,,,0.000000
2.340000,,,0.000000
2.350000,,,0.000000
2.360000,,,0.000000
2.370000,,,0.000000
2.380000,,,0.000000
2.390000,,,0.000000
2.400000,,,0.000000
2.410000,,,0.000000
2.420000,,,0.000000
2.430000,,,0.000000
2.440000,,,0.000000
2.450000,,,0.000000
2.460000,,,0.000000
2.470000,,,0.000000
2.480000,,,0.000000
2.490000,,,0.000000
2.500000,,,0.000000
2.510000,,,0.000000
2.520000,,,0.000000
2.530000,,,0.000000
2.540000,,,0.000000
2.550000,,,0.000000
2.560000,,,0.000000
2.570000,,,0.000000
2.580000,,,0.000000
2.590000,,,0.000000
2.600000,,,0.000000
2.610000,,,0.000000
2.620000,,,0.000000
2.630000,,,0.000000
2.640000,,,0.000000
2.650000,,,0.000000
2.660000,,,0.000000
2.670000,,,0.000000
2.680000,,,0.000000
2.690000,,,0.000000
2.700000,,,0.000000
2.710000,,,0.000000
2.720000,,,0.000000
2.730000,,,0.000000
2.740000,,,0.000000
2.750000,,,0.000000
2.760000,,,0.000000
2.770000,,,0.000000
2.780000,,,0.000000
2.790000,,,0.000000
2.800000,,,0.000000
2.810000,,,0.000000
2.820000,,,0.000000
2.830000,,,0.000000
2.840000,,,0.000000
2.850000,,,0.000000
2.860000,,,0.000000
2.870000,,,0.000000
2.880000,,,0.000000
2.890000,,,0.000000
2.900000,,,0.000000
2.910000,,,0.000000
2.920000,,,0.000000
2.930000,,,0.000000
2.940000,,,0.000000
2.950000,,,0.000000
2.960000,,,0.000000
2.970000,,,0.000000
2.980000,,,0.000000
2.990000,,,0.000000
3.000000,,,0.000000
3.010000,,,0.000000
3.020000,,,0.000000
3.030000,,,0.000000
3.040000,,,0.000000
3.050000,,,0.000000
3.060000,,,0.000000
3.070000,,,0.000000
3.080000,,,0.000000
3.090000,,,0.000000
3.100000,,,0.000000
3.110000,,,0.000000
3.120000,,,0.000000
3.130000,,,0.000000
3.140000,,,0.000000
3.150000,,,0.000000
3.160000,,,0.000000
3.170000,,,0.000000
3.180000,,,0.000000
3.190000,,,0.000000
3.200000,,,0.000000
3.210000,,,0.000000
3.220000,,,0.000000
3.230000,,,0.000000
3.240000,,,0.000000
3.250000,,,0.000000
3.260000,,,0.000000
3.270000,,,0.000000
3.280000,,,0.000000
3.290000,,,0.000000
3.300000,,,0.000000
3.310000,,,0.000000
3.320000,,,0.000000
3.330000,,,0.000000
3.340000,,,0.000000
3.350000,,,0.000000
3.360000,,,0.000000
3.370000,,,0.000000
3.380000,,,0.000000
3.390000,,,0.000000
3.400000,,,0.000000
3.410000,,,0.000000
3.420000,,,0.000000
3.430000,,,0.000000
3.440000,,,0.000000
3.450000,,,0.000000
3.460000,,,0.000000
3.470000,,,0.000000
3.480000,,,0.000000
3.490000,,,0.000000
3.500000,,,0.000000
3.510000,,,0.000000
3.520000,,,0.000000
3.530000,,,0.000000
3.540000,,,0.000000
3.550000,,,0.000000
3.560000,,,0.000000
3.570000,,,0.000000
3.580000,,,0.000000
3.590000,,,0.000000
3.600000,,,0.000000
3.610000,,,0.000000
3.620000,,,0.000000
3.630000,,,0.000000
3.640000,,,0.000000
3.650000,,,0.000000
3.660000,,,0.000000
3.670000,,,0.000000
3.680000,,,0.000000
3.690000,,,0.000000
3.700000,,,0.000000
3.710000,,,0.000000
3.720000,,,0.000000
3.730000,,,0.000000
3.740000,,,0.000000
3.750000,,,0.000000
3.760000,,,0.000000
3.770000,,,0.000000
3.780000,,,0.000000
3.790000,,,0.000000
3.800000,,,0.000000
3.810000,,,0.000000
3.820000,,,0.000000
3.830000,,,0.000000
3.840000,,,0.000000
3.850000,,,0.000000
3.860000,,,0.000000
3.870000,,,0.000000
3.880000,,,0.000000
3.890000,,,0.000000
3.900000,,,0.000000
3.910000,,,0.000000
3.920000,,,0.000000
3.930000,,,0.000000
3.940000,,,0.000000
3.950000,,,0.000000
3.960000,,,0.000000
3.970000,,,0.000000
3.980000,,,0.000000
3.990000,,,0.000000
4.000000,,,0.000000
4.010000,,,0.000000
4.020000,,,0.000000
4.030000,,,0.000000
4.040000,,,0.000000
4.050000,,,0.000000
4.060000,,,0.000000
4.070000,,,0.000000
4.080000,,,0.000000
4.090000,,,0.000000
4.100000,,,0.000000
4.110000,,,0.000000
4.120000,,,0.000000
4.130000,,,0.000000
4.140000,,,0.000000
4.150000,,,0.000000
4.160000,,,0.000000
4.170000,,,0.000000
4.180000,,,0.000000
4.190000,,,0.000000
4.200000,,,0.000000
4.210000,,,0.000000
4.220000,,,0.000000
4.230000,,,0.000000
4.240000,,,0.000000
4.250000,,,0.000000
4.260000,,,0.000000
4.270000,,,0.000000
4.280000,,,0.000000
4.290000,,,0.000000
4.300000,,,0.000000
4.310000,,,0.000000
4.320000,,,0.000000
4.330000,,,0.000000
4.340000,,,0.000000
4.350000,,,0.000000
4.360000,,,0.000000
4.370000,,,0.000000
4.380000,,,0.000000
4.390000,,,0.000000
4.400000,,,0.000000
4.410000,,,0.000000
4.420000,,,0.000000
4.430000,,,0.000000
4.440000,,,0.000000
4.450000,,,0.000000
4.460000,,,0.000000
4.470000,,,0.000000
4.480000,,,0.000000
4.490000,,,0.000000
4.500000,,,0.000000
4.510000,,,0.000000
4.520000,,,0.000000
4.530000,,,0.000000
4.540000,,,0.000000
4.550000,,,0.000000
4.560000,,,0.000000
4.570000,,,0.000000
4.580000,,,0.000000
4.590000,,,0.000000
4.600000,,,0.000000
4.610000,,,0.000000
4.620000,,,0.000000
4.630000,,,0.000000
4.640000,,,0.000000
4.650000,,,0.000000
4.660000,,,0.000000
4.670000,,,0.000000
4.680000,,,0.000000
4.690000,,,0.000000
4.700000,,,0.000000
4.710000,,,0.000000
4.720000,,,0.000000
4.730000,,,0.000000
4.740000,,,0.000000
4.750000,,,0.000000
4.760000,,,0.000000
4.770000,,,0.000000
4.780000,,,0.000000
4.790000,,,0.000000
4.800000,,,0.000000
4.810000,,,0.000000
4.820000,,,0.000000
4.830000,,,0.000000
4.840000,,,0.000000
4.850000,,,0.000000
4.860000,,,0.000000
4.870000,,,0.000000
4.880000,,,0.000000
4.890000,,,0.000000
4.900000,,,0.000000
4.910000,,,0.000000
4.920000,,,0.000000
4.930000,,,0.000000
4.940000,,,0.000000
4.950000,,,0.000000
4.960000,,,0.000000
4.970000,,,0.000000
4.980000,,,0.000000
4.990000,,,0.000000
5.000000,,,0.000000
5.010000,,,0.000000
5.020000,,,0.000000
5.030000,,,0.000000
5.040000,,,0.000000
5.050000,,,0.000000
5.060000,,,0.000000
5.070000,,,0.000000
5.080000,,,0.000000
5.090000,,,0.000000
5.100000,,,0.000000
5.110000,,,0.000000
5.120000,,,0.000000
5.130000,,,0.000000
5.140000,,,0.000000
5.150000,,,0.000000
5.160000,,,0.000000
5.170000,,,0.000000
5.180000,,,0.000000
5.190000,,,0.000000
5.200000,,,0.000000
5.210000,,,0.000000
5.220000,,,0.000000
5.230000,,,0.000000
5.240000,,,0.000000
5.250000,,,0.000000
5.260000,,,0.000000
5.270000,,,0.000000
5.280000,,,0.000000
5.290000,,,0.000000
5.300000,,,0.000000
5.310000,,,0.000000
5.320000,,,0.000000
5.330000,,,0.000000
5.340000,,,0.000000
5.350000,,,0.000000
5.360000,,,0.000000
5.370000,,,0.000000
5.380000,,,0.000000
5.390000,,,0.000000
5.400000,,,0.000000
5.410000,,,0.000000
5.420000,,,0.000000
5.430000,,,0.000000
5.440000,,,0.000000
5.450000,,,0.000000
5.460000,,,0.000000
5.470000,,,0.000000
5.480000,,,0.000000
5.490000,,,0.000000
5.500000,,,0.000000
5.510000,,,0.000000
5.520000,,,0.000000
5.530000,,,0.000000
5.540000,,,0.000000
5.550000,,,0.000000
5.560000,,,0.000000
5.570000,,,0.000000
5.580000,,,0.000000
5.590000,,,0.000000
5.600000,,,0.000000
5.610000,,,0.000000
5.620000,,,0.000000
5.630000,,,0.000000
5.640000,,,0.000000
5.650000,,,0.000000
5.660000,,,0.000000
5.670000,,,0.000000
5.680000,,,0.000000
5.690000,,,0.000000
5.700000,,,0.000000
5.710000,,,0.000000
5.720000,,,0.000000
5.730000,,,0.000000
5.740000,,,0.000000
5.750000,,,0.000000
5.760000,,,0.000000
5.770000,,,0.000000
5.780000,,,0.000000
5.790000,,,0.000000
5.800000,,,0.000000
5.810000,,,0.000000
5.820000,,,0.000000
5.830000,,,0.000000
5.840000,,,0.000000
5.850000,,,0.000000
5.860000,,,0.000000
5.870000,,,0.000000
5.880000,,,0.000000
5.890000,,,0.000000
5.900000,,,0.000000
5.910000,,,0.000000
5.920000,,,0.000000
5.930000,,,0.000000
5.940000,,,0.000000
5.950000,,,0.000000
5.960000,,,0.000000
5.970000,,,0.000000
5.980000,,,0.000000
5.990000,,,0.000000
6.000000,,,0.000000
6.010000,,,0.000000
6.020000,,,0.000000
6.030000,,,0.000000
6.040000,,,0.000000
6.050000,,,0.000000
6.060000,,,0.000000
6.070000,,,0.000000
6.080000,,,0.000000
6.090000,,,0.000000
6.100000,,,0.000000
6.110000,,,0.000000
6.120000,,,0.000000
6.130000,,,0.000000
6.140000,,,0.000000
6.150000,,,0.000000
6.160000,,,0.000000
6.170000,,,0.000000
6.180000,,,0.000000
6.190000,,,0.000000
6.200000,,,0.000000
6.210000,,,0.000000
6.220000,,,0.000000
6.230000,,,0.000000
6.240000,,,0.000000
6.250000,,,0.000000
6.260000,,,0.000000
6.270000,,,0.000000
6.280000,,,0.000000
6.290000,,,0.000000
6.300000,,,0.000000
6.310000,,,0.000000
6.320000,,,0.000000
6.330000,,,0.000000
6.340000,,,0.000000
6.350000,,,0.000000
6.360000,,,0.000000
6.370000,,,0.000000
6.380000,,,0.000000
6.390000,,,0.000000
6.400000,,,0.000000
6.410000,,,0.000000
6.420000,,,0.000000
6.430000,,,0.000000
6.440000,,,0.000000
6.450000,,,0.000000
6.460000,,,0.000000
6.470000,,,0.000000
6.480000,,,0.000000
6.490000,,,0.000000
6.500000,,,0.000000
6.510000,,,0.000000
6.520000,,,0.000000
6.530000,,,0.000000
6.540000,,,0.000000
6.550000,,,0.000000
6.560000,,,0.000000
6.570000,,,0.000000
6.580000,,,0.000000
6.590000,,,0.000000
6.600000,,,0.000000
6.610000,,,0.000000
6.620000,,,0.000000
6.630000,,,0.000000
6.640000,,,0.000000
6.650000,,,0.000000
6.660000,,,0.000000
6.670000,,,0.000000
6.680000,,,0.000000
6.690000,,,0.000000
6.700000,,,0.000000
6.710000,,,0.000000
6.720000,,,0.000000
6.730000,,,0.000000
6.740000,,,0.000000
6.750000,,,0.000000
6.760000,,,0.000000
6.770000,,,0.000000
6.780000,,,0.000000
6.790000,,,0.000000
6.800000,,,0.000000
6.810000,,,0.000000
6.820000,,,0.000000
6.830000,,,0.000000
6.840000,,,0.000000
6.850000,,,0.000000
6.860000,,,0.000000
6.870000,,,0.000000
6.880000,,,0.000000
6.890000,,,0.000000
6.900000,,,0.000000
6.910000,,,0.000000
6.920000,,,0.000000
6.930000,,,0.000000
6.940000,,,0.000000
6.950000,,,0.000000
6.960000,,,0.000000
6.970000,,,0.000000
6.980000,,,0.000000
6.990000,,,0.000000
7.000000,,,0.000000
7.010000,,,0.000000
7.020000,,,0.000000
7.030000,,,0.000000
7.040000,,,0.000000
7.050000,,,0.000000
7.060000,,,0.000000
7.070000,,,0.000000
7.080000,,,0.000000
7.090000,,,0.000000
7.100000,,,0.000000
7.110000,,,0.000000
7.120000,,,0.000000
7.130000,,,0.000000
7.140000,,,0.000000
7.150000,,,0.000000
7.160000,,,0.000000
7.170000,,,0.000000
7.180000,,,0.000000
7.190000,,,0.000000
7.200000,,,0.000000
7.210000,,,0.000000
7.220000,,,0.000000
7.230000,,,0.000000
7.240000,,,0.000000
7.250000,,,0.000000
7.260000,,,0.000000
7.270000,,,0.000000
7.280000,,,0.000000
7.290000,,,0.000000
7.300000,,,0.000000
7.310000,,,0.000000
7.320000,,,0.000000
7.330000,,,0.000000
7.340000,,,0.000000
7.350000,,,0.000000
7.360000,,,0.000000
7.370000,,,0.000000
7.380000,,,0.000000
7.390000,,,0.000000
7.400000,,,0.000000
7.410000,,,0.000000
7.420000,,,0.000000
7.430000,,,0.000000
7.440000,,,0.000000
7.450000,,,0.000000
7.460000,,,0.000000
7.470000,,,0.000000
7.480000,,,0.000000
7.490000,,,0.000000
7.500000,,,0.000000
7.510000,,,0.000000
7.520000,,,0.000000
7.530000,,,0.000000
7.540000,,,0.000000
7.550000,,,0.000000
7.560000,,,0.000000
7.570000,,,0.000000
7.580000,,,0.000000
7.590000,,,0.000000
7.600000,,,0.000000
7.610000,,,0.000000
7.620000,,,0.000000
7.630000,,,0.000000
7.640000,,,0.000000
7.650000,,,0.000000
7.660000,,,0.000000
7.670000,,,0.000000
7.680000,,,0.000000
7.690000,,,0.000000
7.700000,,,0.000000
7.710000,,,0.000000
7.720000,,,0.000000
7.730000,,,0.000000
7.740000,,,0.000000
7.750000,,,0.000000
7.760000,,,0.000000
7.770000,,,0.000000
7.780000,,,0.000000
7.790000,,,0.000000
7.800000,,,0.000000
7.810000,,,0.000000
7.820000,,,0.000000
7.830000,,,0.000000
7.840000,,,0.000000
7.850000,,,0.000000
7.860000,,,0.000000
7.870000,,,0.000000
7.880000,,,0.000000
7.890000,,,0.000000
7.900000,,,0.000000
7.910000,,,0.000000
7.920000,,,0.000000
7.930000,,,0.000000
7.940000,,,0.000000
7.950000,,,0.000000
7.960000,,,0.000000
7.970000,,,0.000000
7.980000,,,0.000000
7.990000,,,0.000000
8.000000,,,0.000000
8.010000,,,0.000000
8.020000,,,0.000000
8.030000,,,0.000000
8.040000,,,0.000000
8.050000,,,0.000000
8.060000,,,0.000000
8.070000,,,0.000000
8.080000,,,0.000000
8.090000,,,0.000000
8.100000,,,0.000000
8.110000,,,0.000000
8.120000,,,0.000000
8.130000,,,0.000000
8.140000,,,0.000000
8.150000,,,0.000000
8.160000,,,0.000000
8.170000,,,0.000000
8.180000,,,0.000000
8.190000,,,0.000000
8.200000,,,0.000000
8.210000,,,0.000000
8.220000,,,0.000000
8.230000,,,0.000000
8.240000,,,0.000000
8.250000,,,0.000000
8.260000,,,0.000000
8.270000,,,0.000000
8.280000,,,0.000000
8.290000,,,0.000000
8.300000,,,0.000000
8.310000,,,0.000000
8.320000,,,0.000000
8.330000,,,0.000000
8.340000,,,0.000000
8.350000,,,0.000000
8.360000,,,0.000000
8.370000,,,0.000000
8.380000,,,0.000000
8.390000,,,0.000000
8.400000,,,0.000000
8.410000,,,0.000000
8.420000,,,0.000000
8.430000,,,0.000000
8.440000,,,0.000000
8.450000,,,0.000000
8.460000,,,0.000000
8.470000,,,0.000000
8.480000,,,0.000000
8.490000,,,0.000000
8.500000,,,0.000000
8.510000,,,0.000000
8.520000,,,0.000000
8.530000,,,0.000000
8.540000,,,0.000000
8.550000,,,0.000000
8.560000,,,0.000000
8.570000,,,0.000000
8.580000,,,0.000000
8.590000,,,0.000000
8.600000,,,0.000000
8.610000,,,0.000000
8.620000,,,0.000000
8.630000,,,0.000000
8.640000,,,0.000000
8.650000,,,0.000000
8.660000,,,0.000000
8.670000,,,0.000000
8.680000,,,0.000000
8.690000,,,0.000000
8.700000,,,0.000000
8.710000,,,0.000000
8.720000,,,0.000000
8.730000,,,0.000000
8.740000,,,0.000000
8.750000,,,0.000000
8.760000,,,0.000000
8.770000,,,0.000000
8.780000,,,0.000000
8.790000,,,0.000000
8.800000,,,0.000000
8.810000,,,0.000000
8.820000,,,0.000000
8.830000,,,0.000000
8.840000,,,0.000000
8.850000,,,0.000000
8.860000,,,0.000000
8.870000,,,0.000000
8.880000,,,0.000000
8.890000,,,0.000000
8.900000,,,0.000000
8.910000,,,0.000000
8.920000,,,0.000000
8.930000,,,0.000000
8.940000,,,0.000000
8.950000,,,0.000000
8.960000,,,0.000000
8.970000,,,0.000000
8.980000,,,0.000000
8.990000,,,0.000000
9.000000,,,0.000000
9.010000,,,0.000000
9.020000,,,0.000000
9.030000,,,0.000000
9.040000,,,0.000000
9.050000,,,0.000000
9.060000,,,0.000000
9.070000,,,0.000000
9.080000,,,0.000000
9.090000,,,0.000000
9.100000,,,0.000000
9.110000,,,0.000000
9.120000,,,0.000000
9.130000,,,0.000000
9.140000,,,0.000000
9.150000,,,0.000000
9.160000,,,0.000000
9.170000,,,0.000000
9.180000,,,0.000000
9.190000,,,0.000000
9.200000,,,0.000000
9.210000,,,0.000000
9.220000,,,0.000000
9.230000,,,0.000000
9.240000,,,0.000000
9.250000,,,0.000000
9.260000,,,0.000000
9.270000,,,0.000000
9.280000,,,0.000000
9.290000,,,0.000000
9.300000,,,0.000000
9.310000,,,0.000000
9.320000,,,0.000000
9.330000,,,0.000000
9.340000,,,0.000000
9.350000,,,0.000000
9.360000,,,0.000000
9.370000,,,0.000000
9.380000,,,0.000000
9.390000,,,0.000000
9.400000,,,0.000000
9.410000,,,0.000000
9.420000,,,0.000000
9.430000,,,0.000000
9.440000,,,0.000000
9.450000,,,0.000000
9.460000,,,0.000000
9.470000,,,0.000000
9.480000,,,0.000000
9.490000,,,0.000000
9.500000,,,0.000000
9.510000,,,0.000000
9.520000,,,0.000000
9.530000,,,0.000000
9.540000,,,0.000000
9.550000,,,0.000000
9.560000,,,0.000000
9.570000,,,0.000000
9.580000,,,0.000000
9.590000,,,0.000000
9.600000,,,0.000000
9.610000,,,0.000000
9.620000,,,0.000000
9.630000,,,0.000000
9.640000,,,0.000000
9.650000,,,0.000000
9.660000,,,0.000000
9.670000,,,0.000000
9.680000,,,0.000000
9.690000,,,0.000000
9.700000,,,0.000000
9.710000,,,0.000000
9.720000,,,0.000000
9.730000,,,0.000000
9.740000,,,0.000000
9.750000,,,0.000000
9.760000,,,0.000000
9.770000,,,0.000000
9.780000,,,0.000000
9.790000,,,0.000000
9.800000,,,0.000000
9.810000,,,0.000000
9.820000,,,0.000000
9.830000,,,0.000000
9.840000,,,0.000000
9.850000,,,0.000000
9.860000,,,0.000000
9.870000,,,0.000000
9.880000,,,0.000000
9.890000,,,0.000000
9.900000,,,0.000000
9.910000,,,0.000000
9.920000,,,0.000000
9.930000,,,0.000000
9.940000,,,0.000000
9.950000,,,0.000000
9.960000,,,0.000000
9.970000,,,0.000000
9.980000,,,0.000000
9.990000,,,0.000000
10.000000,,,0.000000
10.010000,,,0.000000
10.020000,,,0.000000
10.030000,,,0.000000
10.040000,,,0.000000
10.050000,,,0.000000
10.060000,,,0.000000
10.070000,,,0.000000
10.080000,,,0.000000
10.090000,,,0.000000
10.100000,,,0.000000
10.110000,,,0.000000
10.120000,,,0.000000
10.130000,,,0.000000
10.140000,,,0.000000
10.150000,,,0.000000
10.160000,,,0.000000
10.170000,,,0.000000
10.180000,,,0.000000
10.190000,,,0.000000
10.200000,,,0.000000
10.210000,,,0.000000
10.220000,,,0.000000
10.230000,,,0.000000
